ate_pred,policy_risk_proxy,propensity_balance,outcome_mse,hte_std
0.5598492023599593,-0.7110716217422819,0.23109532606587446,0.15687781441621393,0.9596217509331707
